system,precision,recall,f1,hit_at_1,hit_at_3,hit_at_5,retrieval_recall_at_5
hybrid_chunk_300,0.5104636591478696,0.5193939393939394,0.48141914532288865,0.41818181818181815,0.6545454545454545,0.7272727272727273,0.5393939393939394
hybrid_chunk_600,0.5059182046024151,0.5375757575757576,0.48444944835319165,0.41818181818181815,0.6545454545454545,0.7272727272727273,0.5393939393939394
hybrid_chunk_900,0.5061346548188653,0.5193939393939394,0.48052064987893867,0.41818181818181815,0.6545454545454545,0.7272727272727273,0.5393939393939394
