system,precision,recall,f1,hit_at_1,hit_at_3,hit_at_5,retrieval_recall_at_5
hybrid_chunk_300,0.47730027548209364,0.48303030303030303,0.4483650064792761,0.41818181818181815,0.6545454545454545,0.7272727272727273,0.4484848484848485
hybrid_chunk_600,0.491969696969697,0.48303030303030303,0.4599905738943172,0.41818181818181815,0.6545454545454545,0.7272727272727273,0.4484848484848485
hybrid_chunk_900,0.4725252525252525,0.476969696969697,0.4428201020896991,0.41818181818181815,0.6545454545454545,0.7272727272727273,0.4484848484848485
