system,k,precision,recall,f1,unsupported_hallucination,wrong_answer,hit_at_1,hit_at_3,hit_at_5,hit_at_10,hit_at_15,retrieval_recall_at_5,retrieval_recall_at_10,retrieval_recall_at_15,retrieval_precision_at_5,retrieval_precision_at_10,retrieval_precision_at_15
metadata_aware_hybrid_rag,3,0.5168181818181818,0.46439393939393936,0.450331646962663,0.5818181818181818,0.8,0.41818181818181815,0.6545454545454545,0.6545454545454545,0.6727272727272727,0.6727272727272727,0.37318181818181817,0.4116666666666666,0.4268181818181818,0.23757575757575758,0.22303030303030302,0.2121212121212121
metadata_aware_hybrid_rag,5,0.48442669942669947,0.47848484848484846,0.44631818567647447,0.6181818181818182,0.8,0.41818181818181815,0.6545454545454545,0.7272727272727273,0.7454545454545455,0.7454545454545455,0.4484848484848485,0.48696969696969694,0.5021212121212121,0.22181818181818183,0.20727272727272728,0.19636363636363638
metadata_aware_hybrid_rag,10,0.44437229437229436,0.5330303030303031,0.4575766242076402,0.6545454545454545,0.8,0.41818181818181815,0.6545454545454545,0.7272727272727273,0.7818181818181819,0.7818181818181819,0.4484848484848485,0.5648484848484848,0.58,0.22181818181818183,0.15272727272727274,0.14181818181818182
metadata_aware_hybrid_rag,15,0.44581047984273786,0.6137878787878788,0.4757252262170804,0.6909090909090909,0.8,0.41818181818181815,0.6545454545454545,0.7272727272727273,0.7818181818181819,0.8,0.4484848484848485,0.5648484848484848,0.6546969696969697,0.22181818181818183,0.15272727272727274,0.12484848484848486
