system,k,precision,recall,f1,hit_at_1,hit_at_3,hit_at_5,hit_at_10,hit_at_15,retrieval_recall_at_5,retrieval_recall_at_10,retrieval_recall_at_15,retrieval_precision_at_5,retrieval_precision_at_10,retrieval_precision_at_15
metadata_aware_hybrid_rag_k10,10,0.46505291005291005,0.5678787878787879,0.48497216447708086,0.509090909090909,0.7454545454545455,0.8181818181818182,0.8727272727272727,0.8727272727272727,0.5393939393939394,0.6557575757575757,0.6709090909090909,0.3127272727272727,0.24363636363636365,0.19757575757575757
metadata_aware_hybrid_rag_k15,15,0.4855358092200197,0.619090909090909,0.5148000068855684,0.509090909090909,0.7454545454545455,0.8181818181818182,0.8727272727272727,0.8909090909090909,0.5393939393939394,0.6557575757575757,0.7456060606060606,0.3127272727272727,0.24363636363636365,0.21575757575757576
metadata_aware_hybrid_rag_k5,5,0.5057534807534807,0.5193939393939394,0.4818892886311694,0.509090909090909,0.7454545454545455,0.8181818181818182,0.8363636363636363,0.8363636363636363,0.5393939393939394,0.5778787878787879,0.593030303030303,0.3127272727272727,0.21818181818181817,0.1806060606060606
