language,precision,recall,f1,hit_at_1,hit_at_3,hit_at_5,hit_at_10,retrieval_recall_at_5,retrieval_recall_at_10,retrieval_precision_at_5,retrieval_precision_at_10
English,0.45515151515151514,0.5436363636363636,0.47307570029495166,0.41818181818181815,0.6545454545454545,0.7272727272727273,0.7818181818181819,0.4484848484848485,0.5648484848484848,0.22181818181818183,0.15272727272727274
Mongolian,0.3678571428571428,0.5116666666666666,0.4066883116883117,0.7,0.8,0.9,1.0,0.5033333333333333,0.67,0.28,0.2
