language,precision,recall,f1,unsupported_hallucination,wrong_answer,hit_at_1,hit_at_3,hit_at_5,hit_at_10,retrieval_recall_at_5,retrieval_recall_at_10,retrieval_precision_at_5,retrieval_precision_at_10
English,0.44316017316017314,0.526969696969697,0.4555275621585782,0.6545454545454545,0.8,0.41818181818181815,0.6545454545454545,0.7272727272727273,0.7818181818181819,0.4484848484848485,0.5648484848484848,0.22181818181818183,0.15272727272727274
Mongolian,0.4583333333333333,0.545,0.4559157509157509,0.6,0.9,0.7,0.8,0.9,1.0,0.5366666666666666,0.7033333333333334,0.3,0.21000000000000002
