system,precision,recall,f1,hit_at_1,hit_at_3,hit_at_5,retrieval_recall_at_5
bm25,0.49444777444777444,0.5016666666666666,0.45880010127478693,0.45454545454545453,0.6363636363636364,0.7090909090909091,0.501969696969697
embedding,0.4990909090909091,0.491969696969697,0.4720488549196683,0.3090909090909091,0.6181818181818182,0.7454545454545455,0.5101515151515151
hybrid,0.5003987240829346,0.5103030303030303,0.4744600438183326,0.41818181818181815,0.6545454545454545,0.7272727272727273,0.5393939393939394
