system,precision,recall,f1,unsupported_hallucination,wrong_answer,hit_at_1,hit_at_3,hit_at_5,hit_at_10,retrieval_recall_at_5,retrieval_recall_at_10,retrieval_precision_at_5,retrieval_precision_at_10
embedding_rag,0.47396103896103897,0.4813636363636364,0.45639446412173684,0.6363636363636364,0.7818181818181819,0.3090909090909091,0.6181818181818182,0.7454545454545455,0.7454545454545455,0.41924242424242425,0.4562121212121212,0.21090909090909093,0.19090909090909092
hybrid_rag,0.48424242424242425,0.47848484848484846,0.44991458927287803,0.6363636363636364,0.8181818181818182,0.41818181818181815,0.6545454545454545,0.7272727272727273,0.7454545454545455,0.4484848484848485,0.48696969696969694,0.22181818181818183,0.20727272727272728
bm25_rag,0.45165223665223664,0.46893939393939393,0.4336872484240905,0.6363636363636364,0.8,0.45454545454545453,0.6363636363636364,0.7090909090909091,0.7272727272727273,0.41106060606060607,0.4622727272727273,0.18545454545454548,0.18363636363636363
